32,Ngoc,QuyNgoc123#,Quy Ngoc,0935123222,quyngoc@gmail.com,01 Doi Cung - Hue,USER,2022-06-21T12:29:39.067Z,null
104,Quy Ngoc,Ngoc123456@,Nguyen Ngoc,0905123456,ngoc@mgail.com,28 Ben Nghe - Hue,USER,2022-06-20T09:38:33.700Z,2022-06-21T12:31:09.752Z
100,Loc123,Loc123123,Ngo Minh Loc,0123456789,locngo@gmail.com,Hồ Chí Minh,USER,2022-06-20T12:37:29.997379200Z,null
12,1,Dat123123,Hang,0935777414,dat@gmail.com,436 Minh Khai - Ho Chi Minh,USER,2022-06-20T12:37:29.997379200Z,null
55,Luan,luan1234,Minh Luan ,0125478692,luan@gmail.com,Hue,USER,2022-06-20T12:37:29.997379200Z,null
93,ThiDung,Dung123,Dung Dang,0781231235,dung@gmail.com,01 Truong Dinh - Hue,USER,2022-06-20T12:37:29.997379200Z,2022-06-20T10:05:04.311Z
121,Tuan Pham,tuan123123,Hoang Tuan,0987651233,tuan@gmail.com,Hue,USER,2022-06-20T12:37:29.997379200Z,null
6,Long vo,long1234,Vo Hong Long,0123123236,long@gmail.com,Hue,USER,2022-06-20T12:37:29.997379200Z,null
17,Ngoc Nhu,ngocnhu123,Nguyen Ngoc Nhu,0987654321,ngocnhu@gmail.com,Hue,USER,2022-06-20T12:37:29.997379200Z,null
1,admin,123123,Dat Trinh,0987654321,dat@gmail.com,Hue,ADMIN,2022-06-20T12:37:29.997379200Z,null




